Student name: Matthew Garcia, gender: female ,course name: Typescript, teacher: Thomas, etcs: 20, classroom: D klassen, grade: 00, image_url: kktohbzriibezbe
Student name: Steven Fleming, gender: female ,course name: Security, teacher: Thomas, etcs: 20, classroom: D klassen, grade: 10, image_url: yglkxkunibtewra
Student name: Angela Smudrick, gender: female ,course name: Kotlin, teacher: Thomas, etcs: 20, classroom: D klassen, grade: 12, image_url: nrpitqyjvrmocbk
Student name: James Doherty, gender: male ,course name: Security, teacher: Thomas, etcs: 20, classroom: D klassen, grade: -3, image_url: dudunighoankcwxStudent name: Rebecca Terry, gender: female ,course name: Typescript, teacher: Thomas, etcs: 20, classroom: D klassen, grade: 7, image_url: afrwhjkiksnzxqr
Student name: Kristina Hage, gender: female ,course name: Security, teacher: Thomas, etcs: 20, classroom: D klassen, grade: 02, image_url: aimrgoxrhinbauo
Student name: David Rooney, gender: female ,course name: Security, teacher: Thomas, etcs: 20, classroom: D klassen, grade: 12, image_url: scfwcbrgkauhucd
Student name: Derrick Mohr, gender: female ,course name: Security, teacher: Thomas, etcs: 20, classroom: D klassen, grade: 7, image_url: txkfjgriygnfoac
Student name: Carl Buehler, gender: male, course name: Typescript, teacher: Thomas, etcs: 20, classroom: D klassen, grade: 00, image_url: myoqogjucsimkiq
Student name: Charles Rutan, gender: male, course name: Security, teacher: Thomas, etcs: 20, classroom: D klassen, grade: 10, image_url: qoponumtlugzrdx
Student name: Antoinette Barbour, gender: female, course name: Typescript, teacher: Thomas, etcs: 20, classroom: D klassen, grade: 12, image_url: kjglsogvmqgitgo
Student name: Mae Sherman, gender: female, course name: Kotlin, teacher: Thomas, etcs: 20, classroom: D klassen, grade: 12, image_url: yjkwdvevkjiqein
Student name: Veronica Mccoy, gender: male, course name: Kotlin, teacher: Thomas, etcs: 20, classroom: D klassen, grade: 4, image_url: fvrjkzwwhdlrlqi
Student name: Kimberly Mercado, gender: female, course name: Kotlin, teacher: Thomas, etcs: 20, classroom: D klassen, grade: 7, image_url: xsskwgasgjvtdbe
Student name: Allan Booth, gender: female, course name: Kotlin, teacher: Thomas, etcs: 20, classroom: D klassen, grade: 4, image_url: zpptxoanninqjvq
Student name: Billy Sumner, gender: male, course name: Kotlin, teacher: Thomas, etcs: 20, classroom: D klassen, grade: 00, image_url: qnsjoqexxislcfn
Student name: Elizabeth Moore, gender: female, course name: Kotlin, teacher: Thomas, etcs: 20, classroom: D klassen, grade: 7, image_url: decsgqmvxcsvnko
Student name: Alisha Swafford, gender: female, course name: Kotlin, teacher: Thomas, etcs: 20, classroom: D klassen, grade: 7, image_url: zjeojiakcchnlly
Student name: Lisa Smith, gender: male, course name: Kotlin, teacher: Thomas, etcs: 20, classroom: D klassen, grade: 7, image_url: wfphxmdccdnpmez
Student name: Erica Mullen, gender: male, course name: Security, teacher: Thomas, etcs: 20, classroom: D klassen, grade: 12, image_url: gyaixjgsaptyppq
Student name: Teresa Tribble, gender: male, course name: Security, teacher: Thomas, etcs: 20, classroom: D klassen, grade: 02, image_url: tqrxliwrmtwwpxw
Student name: Harold Bell, gender: male, course name: Kotlin, teacher: Thomas, etcs: 20, classroom: D klassen, grade: 4, image_url: kxvoblfrmhsjnro
Student name: Paul Turner, gender: female, course name: Typescript, teacher: Thomas, etcs: 20, classroom: D klassen, grade: 12, image_url: fwzbnlgpzmmavru
Student name: Michael Dilly, gender: male, course name: Kotlin, teacher: Thomas, etcs: 20, classroom: D klassen, grade: 10, image_url: osqekkuyimxbzap
Student name: Perry Montemayor, gender: female, course name: Kotlin, teacher: Thomas, etcs: 20, classroom: D klassen, grade: 12, image_url: aqeqrdoecjpnqld
Student name: Doris Lyons, gender: female, course name: Typescript, teacher: Thomas, etcs: 20, classroom: D klassen, grade: 02, image_url: kahcjyteahlixws
Student name: Dana Atchity, gender: female, course name: Typescript, teacher: Thomas, etcs: 20, classroom: D klassen, grade: 10, image_url: jlnfikeqrswfkty
Student name: Nathaniel Payne, gender: female, course name: Kotlin, teacher: Thomas, etcs: 20, classroom: D klassen, grade: 10, image_url: ilnjmbdeiexgyvp
Student name: Irene Robinson, gender: female, course name: Typescript, teacher: Thomas, etcs: 20, classroom: D klassen, grade: 02, image_url: dwlhshjxtknbsmj
Student name: Melvin Bernardini, gender: male, course name: Kotlin, teacher: Thomas, etcs: 20, classroom: D klassen, grade: 4, image_url: pmfvlepgfiovnbo
Student name: Roberto Linn, gender: male, course name: Kotlin, teacher: Thomas, etcs: 20, classroom: D klassen, grade: -3, image_url: krunlobuwhwdxxi
Student name: Clair Odom, gender: female, course name: Typescript, teacher: Thomas, etcs: 20, classroom: D klassen, grade: 00, image_url: hjbbkllocokjjcg
